"country","Cases Averted (thousands)","Deaths Averted","YLLs Averted (thousands)","YLDs Averted (thousands)","DALYs Averted (thousands)","Percent DALYs Averted","Averted Treatment Costs (thousands)","Cost of Routine Vaccination (thousand)","Cost of Campaign Vaccination (thousand)","Cost of Vaccination (thousand)","Net Costs (thousands)","Percent Cases & Deaths & Treatment Costs Averted"
"Afghanistan","1312091.52601356 (197234.911902172-2756778.71793879)","6,269 (212-106,443)","328064.318264492 (11167.8206084332-5567040.90676712)","6820.44482668901 (764.287983704893-36709.0133811572)","338413.757805122 (14933.2919036186-5597617.96826711)","72 (39-86)","4370013.56290496 (380979.586436129-32561476.5189271)","17243737.9722033 (7129200.82177945-40257527.9742706)","2242168.9570434 (2085412.63093993-2407497.09140287)","19506856.2072509 (9391308.27409086-42575100.1341418)","14035183.534074 (-10963716.889178-38216532.7356852)","70 (38-85)"
"Angola","239539.25788569 (946.212342765956-617866.235334889)","959 (3-21,615)","37704.5729569563 (98.0553140815522-917139.280175778)","1188.04521479865 (4.34981728138929-7387.7381138858)","40102.8857605714 (116.951128689721-920454.398092868)","73 (46-86)","4884374.28867907 (19525.0703263556-46167065.7328103)","18439596.8225425 (13112292.4621279-30225197.3699757)","16258526.7317068 (15044072.2250837-18010149.6798683)","34748941.4254038 (29213659.7860906-46857271.0100983)","29583061.0633782 (-11027328.4153546-43266273.4406337)","71 (44-86)"
"Armenia","1187.99666782212 (106.649221588073-2816.38794099266)","5 (0-113)","330.258235142603 (7.92542361576456-7081.24238225839)","6.16538598507428 (0.436346870193525-36.5867590049087)","341.413506315746 (9.74243208913526-7093.38579533272)","63 (38-81)","21993.5510212554 (1534.31954593894-197866.468202689)","2288570.10068711 (1295202.33187008-4489266.51633767)","963744.872891661 (892780.691606455-1066915.06955848)","3238794.55202991 (2252571.76770299-5525044.71504796)","3211080.24569228 (2216922.44023458-5512236.70176026)","59 (34-79)"
"Azerbaijan","11453.9619476243 (803.35174617389-27508.750198271)","53 (1-1,020)","2896.88893770184 (81.4201414808813-55841.1627491305)","61.5092428909551 (3.45618677452206-353.923130694751)","2973.04603329042 (104.265209209989-55966.7055993308)","69 (45-86)","168280.416529714 (11206.5279260907-1681481.22206931)","11184554.2803084 (6329369.19045526-21931290.6183211)","4648305.135594 (4302849.38482692-5146353.5995122)","15766858.558031 (10949391.9859131-26938009.6674526)","15534620.678066 (10601358.9071874-26303555.601453)","65 (42-84)"
"Bangladesh","8344789.61107212 (4207666.86938999-13218705.1833038)","18,045 (263-920,055)","1114144.48287725 (15757.8089803592-55347770.8936379)","49895.5179867614 (10145.3514543707-195832.213026637)","1207994.31352865 (55725.5462148617-55407940.0912834)","71 (40-85)","38360814.171523 (6773146.27172422-346621921.964584)","82298621.0215719 (52951388.7036858-150827333.53095)","8170582.33220463 (7579247.26019973-10831521.0782524)","90485579.0869138 (61229037.2592611-159649103.067958)","50480184.1268285 (-243495410.409864-129917190.251242)","69 (38-85)"
"Benin","375374.071440213 (37059.3684231033-1231374.84731923)","1,881 (48-40,753)","98513.4121660136 (2466.37792551412-2195118.13008468)","2110.22702783515 (142.589197075161-13735.9190191229)","101495.764653436 (3031.06920536092-2202400.69454807)","74 (41-88)","2223831.70398676 (160219.40898284-19004563.9898249)","6372544.07366643 (4117150.94525391-9858215.28766238)","749856.10056372 (696900.357870849-808140.58376943)","7118237.08931061 (4884744.52151873-10614776.9395603)","4659884.68342435 (-11882004.8032657-9293786.52002183)","73 (39-87)"
"Bhutan","10001.0116848493 (3579.9906218194-19508.8538006552)","53 (2-777)","3086.97727737264 (122.462654650427-45448.2091751232)","55.3255819497352 (10.3642484660085-262.451401772844)","3152.70623159949 (179.410096667704-45646.458652114)","64 (34-80)","138108.356263098 (23655.9792903576-1034474.22619662)","384000.229634106 (281852.233812568-609147.42614958)","247277.719938044 (228953.19004511-273797.890433845)","632177.380594214 (527794.519385265-864545.797677472)","485017.635756461 (-405980.020925093-746640.892060449)","61 (31-79)"
"Bolivia","17974.6789250255 (1103.10174625509-71660.6833320613)","90 (2-1,831)","4968.98713360372 (96.6725432578087-98226.7517570095)","101.4610215797 (4.40697753391213-761.159471660167)","5146.19768809066 (134.843051706772-98607.4200877985)","71 (44-86)","223428.553319978 (11366.4128591003-2559925.0749765)","9222604.99412995 (6234112.3652711-15831234.9664471)","5106409.41454337 (4726735.334788-5659406.92308542)","14319917.6942475 (11305553.1801408-21215961.9041429)","13922539.5994505 (10553573.6924464-20590704.0089946)","68 (42-85)"
"Burkina Faso","41129.9480169773 (5836.65456098836-138347.219840544)","212 (6-3,863)","10315.0280008991 (298.629494102817-191799.072961182)","229.085288994601 (25.3934295519371-1539.38129896608)","10652.0697166846 (413.507158557507-192376.782488731)","79 (51-91)","220497.363201912 (19318.826207149-1833843.9701437)","10298704.4841564 (4719798.55060533-23328070.0684853)","1257643.20683507 (1162907.85493787-1835412.99843022)","11609393.3690916 (6045441.62942875-24726104.5338963)","11306296.1886172 (5434403.19723664-24449512.6996836)","78 (48-91)"
"Burundi","615443.715881669 (88973.8851966072-1350216.31181855)","2,778 (85-55,212)","134269.776532258 (4312.74106130452-2574790.75180966)","3132.76034634772 (362.954698717358-17251.8752726219)","139187.422411441 (6221.79904985409-2583706.20544975)","78 (46-90)","1875509.30252693 (163168.146212287-13848981.44302)","6344517.65336966 (2900292.60736942-14388550.6901507)","770507.143463718 (716158.465815321-830594.176245959)","7129883.67352721 (3684528.70063487-15184656.2085052)","4785282.96003079 (-6884776.59272436-13206202.3868694)","76 (43-90)"
"Cambodia","474640.153264698 (244396.581821513-747696.378384532)","2,599 (117-39,331)","151595.012483327 (6905.93346212325-2330194.40340142)","2754.35212254221 (633.262427371801-11062.2924846448)","156113.133153786 (9422.46287476988-2333470.99385208)","71 (42-85)","3102793.82240161 (630620.971743466-18833575.0378949)","4875431.89135415 (3575595.90479072-8184287.086282)","790998.858830576 (733787.558039609-1048548.58928005)","5678501.69679983 (4360768.39548139-9030009.75798554)","2739715.84666266 (-12911873.4264295-6721704.48328835)","69 (40-84)"
"Cameroon","278341.729055038 (1758.480081312-518205.088569807)","1,035 (5-24,624)","48475.9792673088 (235.311707364292-1139139.0323532)","1215.5144667681 (7.42303629814492-7637.09740018367)","51381.4552101198 (302.446363920984-1140194.11888483)","77 (46-90)","1777962.08369726 (14486.4973913758-15594054.5785801)","15258148.5678783 (8256273.83261118-31382393.381982)","1613504.89744151 (1496575.90366428-2140840.06449886)","16899068.1435412 (9890582.21125333-33176527.6540144)","14310993.3261171 (1385042.450488-31175481.5773247)","76 (44-89)"
"Central African Republic","76948.3669173325 (10165.1456782638-252262.986925085)","386 (11-7,998)","15666.4667742311 (450.572108577429-320289.859524431)","426.405689562479 (34.2744502335696-2861.24834781234)","16253.5216612325 (643.79272667411-321431.307583656)","73 (45-85)","350952.001579388 (26837.7102426531-3119772.20795664)","1826504.61715754 (836142.505498242-4133946.00344501)","338404.7083147 (314466.799537094-364721.810590977)","2167730.38605088 (1180650.02966964-4483614.54939188)","1700159.71736693 (-1003917.30987715-4088322.66663564)","71 (42-84)"
"Chad","87047.2548307924 (25468.8640527734-235798.213580351)","473 (19-8,596)","19968.0383830085 (761.662729633283-374119.915367071)","505.861449637799 (81.0347102956525-2842.02660618873)","20548.9783172078 (1097.6940839313-375594.942150528)","74 (44-87)","546435.088916944 (73119.1268595909-4555247.96145888)","6014397.50403413 (2751238.15524909-13622635.2493378)","968854.356185125 (900578.064713949-1044103.59366197)","6995010.39298026 (3731549.87794748-14623674.019519)","6162678.36041741 (1774670.39613639-14020491.2358354)","73 (41-86)"
"Comoros","3038.68403637075 (1766.60190461225-4662.5411716244)","17 (1-253)","896.618666742844 (40.5944033509604-12952.4719523677)","18.2423758582166 (4.3121797522908-68.8262798758145)","917.410516555802 (56.8908925686543-13010.8759109295)","80 (54-92)","18670.8231834391 (3838.9216914327-112271.203052937)","467094.483702998 (214062.718290979-1057979.19114275)","54358.938210906 (50514.1762152606-58591.0134623482)","522501.799524152 (269492.685380136-1114147.50507991)","497668.483199766 (233406.624714388-1100618.440063)","78 (52-91)"
"Congo Rep","35326.0925331401 (3712.05633802941-110711.005752072)","189 (5-3,486)","9562.79990658264 (260.707658218945-179419.715810558)","203.458465607544 (16.7942913033466-1262.53413539812)","9901.70641422605 (352.115375787172-179633.423392247)","79 (52-91)","577720.669839843 (46936.0543660757-5024829.94392198)","5095459.07575926 (3622290.27732935-8355149.7013223)","2994433.06931284 (2771811.46430044-3317970.58896336)","8095582.65710193 (6598958.89452337-11500649.8004733)","7364120.81052726 (2913764.72938015-10689105.6915448)","77 (50-90)"
"Cote dIvoire","378763.056633301 (2184.23624806739-1067265.16331864)","1,337 (7-27,286)","59047.9673800701 (320.487453184458-1186951.62404445)","1918.36110823025 (13.0587234456955-13688.8151249361)","62099.373524459 (358.60757477986-1194948.37022037)","77 (47-90)","2543617.7277664 (15864.1816600135-22323580.6872901)","18473037.0418851 (11682727.138766-34119682.2736965)","1562981.69246264 (1453398.26937537-1682750.44505194)","20068340.3904452 (13300437.0641582-35735046.6888515)","16473684.9973688 (-3266221.82908611-33090252.973142)","75 (44-89)"
"Cuba","1310.58662034328 (74.0156117344806-5764.75324577006)","7 (0-151)","439.723137715943 (7.35233754526986-9695.21097535031)","7.27634928584343 (0.37216656960472-59.8064214034963)","450.957974676359 (8.8936304992081-9725.58692247682)","61 (37-80)","45872.9928115195 (1738.60883627598-566860.566745967)","6547163.52753008 (4425344.48365967-11237899.8188742)","3641113.40442726 (3370518.76595474-4032358.82159534)","10182856.48031 (8039530.41735504-15078170.1746711)","10079880.7170367 (7897289.69334859-15004686.1975333)","56 (33-78)"
"Dem Republic of Congo","2780806.48367926 (467904.708811472-6265309.34947277)","13,900 (464-255,755)","661872.11258009 (21869.1079649421-12295917.0888158)","15022.7039898201 (1714.46625364793-80015.4911780181)","682070.905286808 (29817.5587100666-12348177.3327306)","71 (45-84)","8899241.63752134 (1068465.25805865-69722814.7401211)","40199383.1513762 (18501965.1328688-89593664.5758829)","4349491.22027194 (4042746.37300398-4687753.52733833)","44605092.0546762 (22941543.676743-93885859.2199371)","32608259.8110815 (-28601625.3647903-81915541.9624728)","69 (42-83)"
"Djibouti","3581.89974132443 (1887.26768244994-5279.03067736186)","20 (1-276)","1040.60366991107 (47.0664435796294-15259.0500596903)","20.5618276999138 (4.61998706748426-78.8379792360152)","1062.62911328066 (65.4643371624613-15293.3750210423)","69 (39-84)","33748.6840758802 (7081.83001694837-215330.642427968)","451625.824156796 (221006.901428362-971928.88488722)","45030.4414928888 (41767.1016169432-59700.2013825733)","497160.831086003 (266577.266620054-1022183.80547824)","453447.512730484 (183115.631022698-978195.991300365)","67 (37-83)"
"DPR Korea","89375.4990759828 (7520.2947928827-341308.426337291)","449 (10-10,581)","25586.818511256 (594.569738883319-618757.648222441)","492.76850575689 (31.387270693548-3921.72543837637)","26837.0186583941 (802.856636676479-619882.730853766)","65 (40-82)","457843.271244517 (28133.4662197841-4865405.69290985)","6042628.5234814 (2931028.16889618-13425006.0045773)","854562.286461248 (794180.532451852-921171.7775055)","6901625.68403038 (3795611.27613577-14308361.6193172)","6137585.51196239 (1356213.20020952-13651690.0156728)","62 (37-80)"
"Eritrea","90614.5614047059 (34220.3128259301-180264.669813154)","503 (20-7,801)","27023.1484288591 (1038.55532214067-419705.025709813)","519.356787268727 (95.6659470734848-2531.48116685771)","27619.1950412497 (1450.58731577904-420313.716854193)","79 (53-91)","301946.476430471 (42903.793769379-2110257.79394105)","3040576.2238776 (1429757.64152527-6802579.82638256)","360593.672664436 (335082.377226345-388614.879913481)","3408058.93614478 (1796852.71146229-7175265.93656214)","2979840.95222158 (766265.454056901-6711156.58970268)","78 (50-90)"
"Ethiopia","1614632.85341192 (544136.002629027-3398696.08527193)","21,605 (1,000-339,053)","1230800.49881693 (55425.319821007-19233113.4969511)","9263.97835790394 (1558.61922793534-45272.2444983073)","1244760.66857405 (65242.0781430331-19305064.1085991)","68 (40-82)","6377253.39307515 (905008.781845111-45269184.0205387)","47572225.1115841 (22086098.8517298-105624055.683916)","5646703.03470011 (5249691.20243294-6065898.29784226)","53233288.4734469 (27818481.2572652-111198966.001179)","44140775.1188892 (3496785.22192249-104630584.048157)","67 (39-81)"
"Gambia","17986.6073370704 (54.6727420851351-36486.7783229018)","70 (0-1,550)","3512.44273025356 (6.76166688198924-75113.3925999674)","82.9306145813091 (0.231248722789713-480.806639670438)","3642.59408981082 (7.55118556139565-75612.6829903947)","80 (54-92)","94397.5905827468 (235.090330897059-764528.088322136)","1153836.67593693 (527454.204667718-2616675.68629613)","137325.428407783 (127614.847063089-147975.999696417)","1293785.07954601 (667362.880089652-2758593.96226065)","1153463.07378945 (348895.243397813-2652262.30700011)","78 (51-91)"
"Georgia","1246.34759839369 (126.413518517825-2945.36002683127)","6 (0-114)","343.889049633282 (10.7232408901455-6606.77914423754)","6.75988866508562 (0.579233922667498-37.1364401949996)","356.272900611326 (12.8228756303663-6651.19373171493)","61 (37-80)","19440.381328502 (1325.78098176459-172475.204403122)","2970120.70053605 (1680781.54347358-5824495.69011395)","1278139.27545119 (1183068.48184798-1416268.75678266)","4228939.12334179 (2948068.98270962-7197742.89398696)","4205298.26709608 (2918135.08720903-7177849.56073513)","57 (33-77)"
"Ghana","301740.397019554 (176258.795411307-432810.507492312)","1,682 (71-24,734)","84389.72001962 (3629.67163133847-1217792.47596118)","1804.70461752145 (409.159173432699-6639.38450200536)","86183.9505327184 (5563.11068157363-1221610.89204126)","79 (53-91)","1999853.68947176 (424696.670928054-11976391.9044217)","28416880.5519342 (21532098.8385371-37837907.5987025)","1896713.33225395 (1759137.66659399-2514097.18936382)","30327018.019407 (23435876.4516528-39746842.3596327)","27682310.6486839 (16578941.9959713-37891878.7973859)","78 (50-91)"
"Guinea","179622.410859966 (24706.8285150203-507125.900256849)","908 (29-18,236)","44538.5110460091 (1367.35115509045-903584.222086831)","992.185943233026 (95.8583272198289-6320.45550619609)","45695.6678357037 (2068.64352803482-905291.079222636)","74 (45-87)","768850.450975977 (72586.6073467636-6932920.26606903)","5121841.33711623 (2341327.7131415-11616050.4759766)","870058.510306959 (809095.516547111-936050.515353955)","5996904.74719993 (3225929.03327618-12515748.1651249)","4913435.449775 (-1034847.59235095-11464209.7696855)","73 (43-86)"
"Guinea Bissau","10547.0856312108 (999.117049956323-33826.3532969693)","54 (1-1,077)","2370.63579173465 (56.5312034994266-47391.5850992321)","56.689925425591 (4.36394234395072-399.640105930142)","2450.15859711818 (81.8321332619635-47589.2573834457)","79 (53-91)","53805.5651492036 (3686.74561774626-458572.112953103)","1030463.69684453 (471903.447010698-2332476.99414174)","127364.536508383 (118353.572906864-137211.50485141)","1159941.67822407 (601065.285258812-2464134.44497694)","1073265.02166964 (435794.957237966-2421755.57957552)","77 (50-90)"
"Guyana","458.07800106214 (37.8397024215331-1886.95105846355)","2 (0-53)","122.210541021016 (3.16057669843851-2978.08579543253)","2.65128668506257 (0.163142878876501-19.2016082937645)","125.47583056677 (4.00824184297358-2989.53592069696)","64 (38-81)","8564.96407245846 (533.68015409188-83923.4657984187)","439688.003098305 (297102.73072866-754787.403389399)","244208.072970001 (226194.331136964-270593.821186522)","683635.381106047 (539832.525623398-1012247.37686912)","666908.26504632 (509955.889616065-992206.671532665)","60 (34-80)"
"Haiti","9808.21974695142 (900.151004600463-41106.1685892885)","50 (1-1,098)","2309.19337798274 (60.0828004805798-52165.0628398974)","53.3120899430382 (3.39219489766104-427.391275003837)","2368.10879818279 (75.540264528012-52309.6569537405)","63 (39-81)","59506.1834281927 (3910.09017684168-560172.745945437)","3366607.68872806 (1427071.27038681-7804093.23707706)","544396.021916162 (505888.710221059-586918.043400104)","3915423.38392591 (1974877.45220471-8366274.41224018)","3802116.17004323 (1795433.88677516-8211266.89241105)","60 (35-79)"
"Honduras","4997.53373442559 (543.325457831321-20611.9310535653)","25 (1-589)","1513.0256824823 (44.3241148971699-35490.4057034787)","27.8097216564793 (2.1260078455424-224.440145255845)","1559.05931376509 (57.511956111994-35585.1387629069)","70 (44-86)","68706.8283963321 (5431.00563377031-758702.715392165)","6660732.79005777 (4502235.14803678-11433486.8335561)","3843636.87072709 (3558282.72092159-4252956.23474407)","10495352.0530102 (8315348.87994938-15478281.6269516)","10378886.0345036 (8075513.26092129-15332505.3019743)","68 (41-84)"
"India","21024988.811806 (6313703.6255219-41355520.3566418)","214,437 (36,946-1,107,879)","12530490.515089 (2069286.06185852-65347740.8197736)","116186.32733088 (20102.4298580661-567018.481516016)","12693445.6970917 (2121792.08403658-65747360.829194)","62 (39-76)","358336608.192941 (78637983.358815-1101987384.70054)","816452351.807404 (606404534.967258-1285611186.6615)","472006127.873578 (437029600.871384-522619124.0444)","1290570450.5356 (1074659153.52755-1762449608.45236)","933003058.666428 (146474635.558653-1521840208.70966)","60 (37-75)"
"Indonesia","76704.3523765272 (10088.4026872509-332202.073542654)","167 (15-1,445)","9869.31624885878 (884.671694295692-87544.2260373121)","462.981347942815 (33.4843257055529-3807.28549677085)","10727.3072639847 (995.929049644111-90856.9423832792)","62 (39-76)","1729715.27213309 (203247.597738892-9494761.73467199)","149360269.394232 (110936308.21263-234458620.904485)","97832150.6298716 (90584685.8278159-108307716.170895)","247633704.605834 (207964357.736403-332941786.061412)","245005957.750925 (205260065.021464-331024522.552376)","60 (37-75)"
"Kenya","611952.399428085 (380681.764728008-819926.385282572)","5,092 (280-70,157)","255168.235269872 (14250.1398126177-3554744.38779483)","3786.48998376251 (906.631269276943-12877.2016068911)","259491.340944665 (17962.185345804-3561261.28543574)","78 (50-90)","4657359.09328078 (979477.582724601-26750437.1160475)","33936418.2807932 (20922380.6135692-63855285.4608529)","3187594.72430597 (2956879.44468788-4225194.56395334)","37168132.2123476 (24133762.332258-67490075.6699727)","31306717.8486172 (5586714.23600104-61750982.335192)","76 (48-89)"
"Kiribati","1722.4741631948 (331.594176077572-4305.23287611823)","9 (0-164)","516.07670166415 (16.5220244080579-9512.34842023308)","10.0035114884687 (1.07443131470849-54.1601040242238)","524.968652546711 (24.3670854394867-9526.94263103398)","70 (41-85)","23728.2369573201 (2832.79288204699-197578.967606942)","65934.2363595544 (55097.2947455986-90004.3950031252)","53720.3197687976 (49745.4072146117-59516.0566130272)","120091.369459209 (107667.93092444-144413.892097844)","95713.6369090799 (-80319.9153527232-130282.401477961)","69 (39-84)"
"Kyrgyz Republic","3824.26907235356 (247.161992288814-8923.17498559394)","17 (0-364)","980.386773098589 (24.4421322417277-21281.8389564295)","19.5606467119873 (1.30832522982106-113.787414294748)","1012.19383130938 (32.6674150963416-21325.1941715727)","71 (44-87)","22657.7449632376 (1537.62420539809-198118.894343066)","4911915.53430146 (1984506.9746157-11391428.9728749)","301952.686551103 (280201.022966493-400382.507953705)","5215478.65965279 (2273723.28236148-11720535.0457551)","5168015.94816887 (2237383.44077632-11714691.1521752)","68 (41-85)"
"Lao PDR","174791.795983908 (34183.5125164839-374323.264036359)","266 (6-8,504)","15066.2180151493 (374.1895880269-482944.410277184)","977.68182578379 (118.724472299033-5013.77403744291)","16417.9636015388 (831.06649630803-486054.465974165)","69 (40-83)","1128175.66322174 (141692.942308634-8804494.31818111)","3146454.98392804 (2606011.85530932-4507416.79801348)","417315.413146961 (332181.670783953-578743.651635184)","3574531.46396145 (3017299.59975452-4959255.76385444)","2435567.05604297 (-5071633.67538971-4162201.81533258)","67 (38-82)"
"Lesotho","1555.99096732105 (199.069211673753-4922.99172191506)","8 (0-162)","304.037366853039 (9.08069444901169-6549.39311882255)","8.94704979914667 (0.79182379059186-57.3004649907106)","313.916006168623 (13.7216672277969-6557.41635108765)","73 (44-87)","11465.818799776 (1112.54780866755-96202.0338055272)","1022254.84799863 (569290.192116835-2066652.70196007)","108335.767147864 (100513.246520321-143592.288936924)","1132388.30725142 (679078.343912941-2185431.82131673)","1114934.79463167 (653220.433734367-2181077.86647384)","71 (41-86)"
"Liberia","153381.039348858 (677.780572459312-516713.035730245)","667 (2-15,266)","31977.6605909212 (102.271712170415-740738.024340734)","810.307168727093 (3.22832900297932-5874.27907395637)","33105.7249724809 (116.530056063802-745836.492846636)","76 (50-90)","535043.355107532 (2162.43652834653-5573062.0012621)","2489369.74032077 (1139940.70278426-5634321.12456674)","311168.504997153 (289258.252508699-335307.548031646)","2805809.87119353 (1455462.20011312-5955985.73620537)","2083973.90863346 (-2689526.50052558-5406835.65065131)","73 (47-89)"
"Madagascar","862209.807019686 (165030.603164069-1908040.7211655)","4,260 (153-79,382)","232675.039258799 (8127.9770284744-4256933.00387133)","4763.17364863169 (523.563602961882-24896.9217272035)","238967.433435609 (11103.5859351314-4293324.73314143)","74 (45-87)","3275215.15114552 (379135.820598155-24173822.2314715)","10279684.6745605 (4707548.27554823-23260791.8562488)","1674053.55152171 (1555534.14955183-1805153.61630396)","11975171.5349165 (6400200.86346017-24990698.8406564)","7969192.37453774 (-12017523.2741855-22121218.0232971)","72 (42-86)"
"Malawi","83230.8735775032 (22870.6218777678-182295.619874139)","425 (17-7,708)","22036.1207453883 (896.792771830827-410514.798996874)","464.059512537136 (78.627706129887-2283.75067578355)","22625.1574036467 (1173.87044076455-410994.356757937)","78 (51-90)","388628.62259539 (52672.6092406718-2651301.14709047)","9206054.91735321 (4216490.15679408-20814475.5157377)","1187874.42113854 (1103860.46961092-1280179.8170993)","10411148.2088508 (5416889.17615358-22042218.9888751)","9880399.9049914 (4521506.76276646-21618880.8135929)","77 (48-89)"
"Mali","61119.7863848024 (22176.4354599362-148166.293012435)","334 (13-5,268)","16212.0247723804 (633.739230164997-254692.750543224)","367.61557192178 (64.3545039035066-1788.31741882149)","16714.569571555 (1022.62510488266-256449.865688102)","78 (50-90)","332037.333678178 (53262.1389596379-2136276.2273467)","9350201.19867061 (4274676.78211145-21195498.3080783)","1213994.85537828 (1128294.96263696-1308380.66970357)","10585438.5707731 (5507913.97836716-22450182.47197)","10050526.5755976 (4817882.61620835-22082608.3920037)","77 (48-89)"
"Mauritania","9801.38145815865 (3616.35914892419-20484.7623235225)","52 (2-896)","2780.66991295161 (115.734774673974-47953.9894915973)","57.0166216146879 (11.1532320233792-262.431771746902)","2824.30055180457 (167.640381095929-48113.3703216025)","77 (51-89)","70503.5368378385 (12278.4938756909-504659.758804035)","2401657.87721919 (1301955.84626342-4932096.42176143)","281434.28795015 (261098.114205329-373075.821695419)","2687132.61664083 (1585379.59748418-5250886.16883934)","2576946.67275532 (1442736.03340289-5148277.02626518)","76 (48-89)"
"Moldova","679.788208063288 (39.8903601011544-1625.59404969346)","3 (0-59)","175.149571879854 (3.5700662218129-3293.69661276808)","3.52318655987486 (0.206427933875844-20.3127144084525)","179.965538029602 (5.17740759608277-3301.69144358114)","64 (39-81)","6335.57964526292 (327.155795499968-52918.8402573177)","2937423.3061562 (2414661.9646074-3601990.4124343)","1300057.91767911 (1203678.98859726-1439985.97401693)","4242036.03106971 (3704371.83294079-4930393.48546442)","4231644.32328361 (3693551.26429925-4908675.54708969)","60 (35-79)"
"Mongolia","30071.2856835332 (1901.13493303814-77167.6794092128)","145 (3-2,598)","7760.27515044987 (170.182359399177-145881.033926481)","160.228464890336 (7.88946662052098-977.919952108628)","7925.4919305282 (212.827939482499-146180.232756024)","68 (43-85)","309619.553670676 (16759.4420421994-2792816.64201565)","1842704.15669341 (1539033.49994104-2517651.85252283)","1410479.11462275 (1305367.31589759-1561318.84685614)","3262502.09348071 (2921361.63142295-3945690.44525854)","2916100.63986321 (499947.541540167-3716223.54691928)","64 (40-83)"
"Mozambique","246368.19796725 (72605.0074538455-530748.104487828)","1,328 (51-23,656)","59053.0700954497 (2251.65871592856-1027669.35266461)","1406.79711510065 (227.656611920201-6598.98408615422)","61035.9422759411 (3579.58795554207-1030163.06283466)","80 (53-91)","1169605.53285425 (165909.706643801-8019465.8105947)","15879569.3165241 (7259305.24932026-36011600.668134)","1929856.02953862 (1793664.14838397-2079873.27532112)","17845717.8671856 (9223152.0812606-38005401.0131888)","16256193.2072997 (5878319.99512276-36187726.2034665)","78 (51-91)"
"Myanmar","571789.618729644 (120982.504781749-1074923.06665303)","2,869 (113-47,634)","157249.098243349 (6054.1271215285-2602858.89232319)","3183.07243222184 (430.725319136198-14690.5634526784)","161665.48467282 (7990.90917897025-2606057.57600856)","65 (38-81)","3091331.84252223 (403625.592337628-19926535.9453577)","17436121.9890232 (10872340.70861-32769245.3171416)","1835452.55478826 (1703326.38958074-2431987.37887692)","19275496.7482813 (12730070.4280463-34752392.0060127)","15615775.362092 (-1429099.84989818-31186710.2975537)","61 (35-79)"
"Nepal","435596.463850976 (171988.445394905-811971.73314343)","2,280 (98-34,927)","137574.992783653 (5996.64529382103-2136468.35982028)","2490.50093955443 (451.495833008785-10795.2957642874)","139780.315145255 (7912.94909553963-2140351.54458959)","71 (44-85)","1997855.14467778 (330426.477599998-14193088.460848)","9887716.82843285 (5021199.22008903-21391228.7957608)","1443292.90164844 (1341484.20560108-1555709.79460706)","11337222.6828961 (6483355.15129836-22882815.8486777)","8675793.73737799 (-3234830.26975988-20630905.5605172)","70 (42-84)"
"Nicaragua","4262.56656516684 (332.37817395314-18166.1182079108)","22 (0-513)","1303.45295169101 (29.2801810524902-30988.2497510695)","23.8242474443374 (1.37089128073334-204.329713380754)","1364.29101068836 (42.236774786214-31009.9639097741)","70 (45-86)","45991.1412525252 (2754.51468374394-539752.081465393)","4604963.18295061 (2935150.75956069-8351281.56171317)","313464.56582291 (287848.57962226-546046.845193973)","4934655.56472167 (3270408.66286912-8798083.04574541)","4850306.18331598 (3106898.00185811-8726364.86419621)","67 (41-85)"
"Niger","240247.518143481 (30136.3665825879-600770.501641323)","1,237 (30-23,054)","64068.8155036725 (1546.74028555797-1171205.27265032)","1307.88375473946 (133.780382718934-7495.40214821014)","66323.0798455036 (2228.69030308591-1173396.16402754)","78 (49-90)","885645.87115864 (69454.5208787394-7323591.69395615)","10342054.1632172 (4734535.03611451-23413697.5574292)","1372788.2327673 (1275720.59300398-1479338.21171119)","11739859.4342731 (6124255.25343709-24832378.8011097)","10352094.011983 (2459385.08458584-23607956.7405354)","76 (46-89)"
"Nigeria","5216779.16785283 (2379326.28632753-9362639.46973752)","97,503 (7,109-1,069,878)","3909189.56363173 (279361.78439297-43023122.967415)","30502.3139684636 (6114.00315556425-125356.10079291)","3947240.03736438 (304583.085189714-43114835.1262475)","67 (43-81)","44485022.7426495 (8324378.73743272-305018428.213215)","116939618.959222 (80239936.7272927-199414042.978424)","13800322.0151389 (9899264.97482518-23592665.5690366)","131438494.760342 (93499752.2889537-212190663.872191)","85014652.2193073 (-175966763.060025-174035244.754302)","65 (41-80)"
"Pakistan","1963100.46896366 (912316.818815821-3474876.99325505)","4,156 (448-38,638)","235723.857007136 (25192.9707393444-2236324.59746923)","10965.3719119701 (2292.1262632581-49975.7450252215)","249810.772603881 (31589.4182767305-2263829.40781551)","61 (36-75)","2306174.93930217 (514822.481840714-8059116.8940178)","91950666.9308087 (54158395.8343651-176880790.053312)","8154113.38709722 (7375359.95326557-14995910.4461776)","101247254.419889 (63349628.5628192-188342968.295498)","98287736.6858002 (60013941.3573653-184919285.098537)","60 (35-74)"
"Papua New Guinea","495037.578306439 (58892.669618391-1008393.76272632)","2,364 (65-42,045)","130492.465398065 (3732.12840627625-2331843.30055766)","2654.78785946938 (229.25349031091-13746.4676935076)","135551.756329296 (5285.64571209323-2340556.83886736)","57 (22-76)","5309455.3964816 (444813.739673167-41191638.1851488)","3311575.23192798 (2743094.4021366-4744704.21027411)","392062.624699342 (360185.135456606-683818.03928998)","3741752.35427417 (3142925.95869424-5176773.2599498)","-1496699.7206169 (-37208259.879236-3510312.65638194)","55 (19-74)"
"Republic of Sudan","310004.818129483 (107219.166632776-642778.871033313)","1,617 (65-27,474)","89456.7323242222 (3689.67571506783-1492279.62250653)","1763.05962223051 (306.627474011122-8426.90510083185)","90823.7176861376 (5520.391945005-1494597.1312493)","78 (46-90)","2727511.43867495 (467914.505265239-19040605.9614859)","41156652.6966599 (24527565.0209268-78678145.5736878)","2780099.77669014 (2578220.99161673-3686342.74850062)","43989178.5785267 (27344457.753412-81675308.3971991)","39918483.3092734 (19142394.1388644-77581299.6389156)","76 (44-89)"
"Rwanda","141382.23534141 (59942.7557616542-272754.519896049)","765 (35-10,746)","40130.1953077746 (1881.93153090495-577480.286162165)","826.967649611616 (165.11682053823-3655.41758067189)","41326.3651687779 (2686.01747767583-579401.645908786)","80 (52-91)","740110.207273619 (134098.934882525-4796411.28356467)","3457022.71473851 (2155484.05929325-8421763.66066827)","800253.504856808 (744149.414392896-859168.326160603)","4258745.21119331 (2945156.62545351-9230630.41033704)","3361746.91482788 (-390066.232641888-8178605.7205164)","78 (50-90)"
"Sao Tome e Principe","563.518283492138 (83.1394693899066-1612.29193633743)","3 (0-59)","154.752022319149 (4.43620989703767-3253.008816834)","3.19775718219089 (0.29267085708405-18.996546699464)","160.023761235921 (6.34570618061872-3257.07235945677)","79 (54-91)","3828.96472501988 (371.077814613729-31668.6461758186)","186826.500026218 (126433.410487198-324278.282713564)","13408.8353597962 (12309.868449984-23351.6281760372)","201189.736366782 (141219.664250086-342401.290458373)","194989.261484079 (131785.27685566-335305.768994824)","77 (52-91)"
"Senegal","122533.910335029 (554.968204094965-248106.544678304)","345 (2-6,064)","18129.7910563029 (80.0078557590381-316817.471424826)","566.213003414198 (2.71856372250223-3250.34976485923)","19227.2621699601 (92.3894725135579-318157.026825009)","78 (52-91)","708992.898174317 (4057.47288312542-6046521.94907609)","9534348.91942931 (4873042.4128396-20419184.7871707)","1044334.80713157 (970505.646726856-1121513.67565709)","10591643.1350524 (5937883.57714545-21497831.6062373)","9496205.09171981 (2825310.9189468-20533129.3324077)","76 (49-90)"
"Sierra Leone","168204.17931886 (564.309048731364-491064.968488651)","670 (2-17,315)","27445.324639123 (88.7711167080056-735664.669457376)","832.442998657455 (2.52815738377003-6117.20692884319)","29293.106053165 (114.990598281043-736894.851405434)","79 (50-91)","671431.661420512 (2938.12704758531-6393324.45567245)","3663031.00313615 (1674529.79097886-8307167.84240572)","445032.297264015 (413552.910398845-479665.063727619)","4116538.12367621 (2127479.11831699-8767033.62252989)","3152759.8129098 (-2444826.73624986-8141153.31733304)","77 (48-90)"
"Solomon Islands","22026.615668919 (3095.57505000418-58759.8888390378)","104 (3-2,197)","6283.33298162068 (189.913720826096-130728.443699713)","121.765626140572 (12.4072607729157-762.444358557771)","6409.83865838728 (255.760753251846-131134.885957952)","78 (46-91)","296870.440811959 (26382.9158309896-2704073.90487316)","451268.423250225 (373388.25635805-648780.949764811)","40833.8789479799 (37507.9651779548-71190.5755599821)","495331.748762351 (415905.264356859-694426.598486935)","201309.297223829 (-2232244.20300977-554551.429760716)","77 (43-90)"
"Somalia","193461.778563574 (92920.7535781281-378470.317110168)","1,071 (47-15,609)","44874.2169441422 (2051.3186930569-678081.037565531)","1155.83347786452 (241.83193060729-4888.40101831927)","46296.4135575691 (3096.77657246695-678836.670195737)","71 (46-86)","790620.240084143 (132737.113424524-5166752.77111999)","4742019.18228975 (1952523.18855984-11086788.9854322)","745921.313565938 (693710.348342688-804995.475922839)","5490754.67222542 (2704348.93764633-11858275.9238224)","4426183.25313247 (-141586.518802942-11022498.0216756)","69 (43-85)"
"South Sudan","115381.400301678 (56068.3632080868-198772.812971186)","655 (26-9,409)","28640.3926216065 (1211.439864038-414593.064756054)","680.224823319916 (142.549051660452-2739.58752262677)","29420.3227522044 (1788.3266067086-416284.289833355)","68 (39-82)","1023825.96975084 (208508.541753366-7297819.97346257)","3346943.94160915 (1599541.7328138-7314804.78651146)","854016.246282327 (793619.600260436-919904.984523675)","4201889.9987811 (2467596.26845399-8196913.43939836)","2987112.84361731 (-3165465.40968925-7104561.13678597)","66 (38-81)"
"Sri Lanka","97660.359630345 (21013.1539215833-200160.660169434)","480 (19-7,798)","29665.3576999565 (1176.4146042675-475882.31662068)","526.397124821057 (69.3471894639823-2720.35848819392)","30351.5627545076 (1526.93169833114-476536.933804193)","66 (40-82)","1140602.52118118 (153540.894875816-8658935.61207735)","10476083.7975412 (7690613.50187031-16617810.7776919)","6612146.49064296 (6121785.85649567-7321978.97201545)","17105926.9141135 (14263375.9826903-23458711.6676746)","15708139.4778108 (8085368.09552588-21945950.5190603)","63 (37-80)"
"Tajikistan","8083.45930932024 (770.478955690547-19413.0720827479)","39 (1-701)","2135.29573846221 (44.3631296151732-39305.5797045745)","41.8696164016182 (3.53854312487533-244.665563882243)","2198.83692514601 (60.1036322316875-39369.7531201242)","77 (52-91)","48193.2267226781 (3328.44827855662-374364.796224716)","10336120.1051136 (4186241.71653987-23936950.5761986)","587694.131911983 (545223.129200737-778429.353050224)","10924678.2001424 (4748965.35747525-24581407.3591187)","10832236.2203427 (4678872.62032866-24576210.5672126)","75 (49-90)"
"Tanzania","788017.685339725 (258686.019574877-1930314.9469474)","4,057 (165-71,580)","221461.167365699 (8857.27110544395-4021887.16301496)","5732.29830896864 (818.459033145172-32617.6634521416)","229686.824917461 (13394.3966327733-4036869.66023305)","79 (51-91)","2771653.82205539 (440856.318102362-17242791.3572632)","33700027.6211763 (17224272.1476633-72176749.823366)","3685376.76078089 (3426648.11361974-3955696.33337148)","37435406.6399408 (20980509.6501635-75987717.1382618)","33600283.3113231 (14473845.7424249-73203840.9657541)","78 (49-90)"
"Timor Leste","21160.7892759134 (3867.56126671545-38043.8286095983)","107 (4-1,707)","6520.38232045163 (230.269911080009-104661.730533918)","116.372149400533 (15.1841441472492-521.887318437755)","6635.83699289916 (330.39708218062-104795.657270193)","75 (43-89)","239601.125880237 (29812.5165543458-1785734.44852313)","1194687.52670224 (877860.592022435-1893291.55971297)","766463.58268581 (709953.448774366-849397.034188837)","1964576.57805674 (1639583.71420259-2685859.31573918)","1693229.37041141 (217220.370012252-2448881.67294028)","74 (41-88)"
"Togo","84990.8360479733 (263.369822791998-155488.629920856)","309 (1-6,959)","15179.908848994 (39.3045252583771-351001.529522312)","368.533905803567 (1.46057395767603-2107.9865397404)","15653.09508504 (47.1656060945584-351908.064877097)","80 (51-91)","315747.04207209 (820.350032372358-2454333.58349395)","4146611.10091816 (1895632.69797493-9403811.76870339)","503872.943582089 (468240.512724005-542959.168035302)","4660000.63844863 (2408280.39131603-9924406.08202784)","4181455.89929702 (1353653.19134955-9565104.64519436)","78 (49-90)"
"Uganda","275766.638456451 (156192.050026855-401559.36570123)","1,541 (69-22,233)","75167.0002880083 (3244.5382141033-1110961.15451863)","1630.39898467392 (364.630041889029-6011.02998585793)","77438.0619244218 (4944.24365332101-1112759.44938733)","80 (52-91)","1403368.08268871 (297367.893778572-9199482.29072504)","22134503.1791971 (10119329.9980122-50177120.5825373)","2739684.35584464 (2512992.46398864-3648371.04213895)","24965628.8277845 (13049168.3632053-53196089.6595912)","23015766.7225082 (9804512.48548288-51474744.9504666)","78 (50-90)"
"Ukraine","8420.59993756116 (630.637253691255-19802.9593674971)","40 (1-707)","2193.81258607027 (45.4797846278335-39051.5325258558)","43.027103216819 (2.89932603772014-256.734338977209)","2255.61247236908 (59.4096101239745-39377.6688303257)","62 (38-80)","140958.711806114 (7810.37179086035-1249797.21000105)","33992635.745295 (19240992.8207139-66673370.1430105)","14324717.7387875 (13261179.6684813-15870684.4469309)","48123241.0360431 (33451184.568273-82074675.3823629)","47916759.9694271 (33257077.9591579-82038661.4421898)","57 (33-78)"
"Uzbekistan","17159.9765592811 (1281.73592090448-42476.838287717)","80 (2-1,597)","4238.46581106798 (106.443523687344-85083.9912701582)","89.912873156286 (6.91713958019721-527.412056379141)","4394.77996267233 (150.603069243443-85144.0924009449)","69 (46-86)","137379.058166569 (9744.03608392349-1207880.35352892)","31570355.5646354 (16526396.5140656-64833377.4007213)","1541435.11090795 (1416014.28800165-2683170.42518242)","33133705.0399641 (18090257.4505191-67058211.1629484)","32923894.9297223 (17833009.9657173-66934139.3778729)","65 (42-84)"
"Vietnam","402508.552184022 (71327.1448902745-883625.628245181)","8,553 (737-74,925)","538034.768331818 (46338.3081112552-4890606.49471857)","162.465157361623 (0.0554340421022083-4372.00840121389)","538990.003449819 (46384.3509143326-4894789.60469586)","66 (39-82)","17456625.2228679 (2818882.3442877-67224115.7847152)","32874410.0045614 (27201598.0884039-47264877.0837331)","3172084.85497484 (2949150.30870296-3405434.31992193)","36004104.5265253 (30353849.6892475-50439936.0983751)","19075667.2181609 (-30468060.2640317-39093308.5783899)","62 (35-81)"
"Yemen","513425.481090477 (45838.425203957-1427138.73958664)","2,464 (73-48,452)","146342.34860522 (4384.4183425021-2772078.70093488)","2717.13593193862 (174.671516702559-16598.9842237052)","151247.891493047 (5308.67453342433-2774839.25490152)","62 (23-82)","4789265.5075082 (300335.09976583-40432894.3761872)","18952272.8250059 (9266020.08811004-40769980.9607029)","1854333.28341444 (1720794.99150888-2460104.39189261)","20822805.8567185 (11150708.5672751-42842701.5480294)","14807193.8702536 (-19241673.8825197-38033744.6405579)","60 (20-81)"
"Zambia","144788.681991589 (35668.7546436128-364710.684454303)","763 (27-13,880)","38072.7867566934 (1353.35026504547-664195.931942888)","825.176405902822 (108.330380617183-4554.29439172877)","39330.6351600858 (2004.9962326204-665969.374807752)","80 (50-91)","905598.259284281 (125727.609462074-6988844.14856424)","18066029.1254824 (13684257.3343636-23850258.3255289)","1117679.84687983 (1039539.46740548-1200274.25937627)","19186773.4218476 (14773964.760358-24968841.4976693)","18018618.1196707 (10632379.0705759-24198194.9110146)","78 (48-90)"
"Zimbabwe","70354.045751066 (4778.56066366914-252620.093079664)","535 (17-9,144)","24819.9255646864 (744.058734911926-412976.836732177)","393.118694759807 (19.520226568213-2875.17219273842)","25465.7286718824 (913.677573845509-415477.219527717)","80 (53-91)","319827.83368491 (13847.9542195084-3033491.78105542)","8855825.98435812 (4048671.22358874-20083646.2113341)","1076446.4261596 (999890.388496097-1160337.07805152)","9952796.65652532 (5143884.13661856-21196254.5135502)","9385877.64088236 (4214574.12235076-20854719.7987688)","77 (51-90)"
